timestamp,node,req_rate,label
2025-10-25T16:05:18.717673,otelcol-contrib,0.46,1
2025-10-25T16:05:18.717673,otelcol-contrib,0.0,0
2025-10-25T16:05:18.717673,jaeger-query,0.0,0
2025-10-25T16:05:18.717673,jaeger-query,0.0,0
2025-10-25T16:05:18.717673,otelcol-contrib,0.0,0
2025-10-25T16:06:18.944817,otelcol-contrib,0.48,1
2025-10-25T16:06:18.944817,otelcol-contrib,0.0,0
2025-10-25T16:06:18.944817,jaeger-query,0.0,0
2025-10-25T16:06:18.944817,jaeger-query,0.0,0
2025-10-25T16:06:18.944817,otelcol-contrib,0.0,0
2025-10-25T16:07:19.207963,otelcol-contrib,0.56,1
2025-10-25T16:07:19.207963,otelcol-contrib,0.0,0
2025-10-25T16:07:19.207963,jaeger-query,0.0,0
2025-10-25T16:07:19.207963,jaeger-query,0.0,0
2025-10-25T16:07:19.207963,otelcol-contrib,0.0,0
2025-10-25T16:07:42.624796,jaeger-query,0.0,0.0,0
2025-10-25T16:07:42.624796,otelcol-contrib,0.004749999999999999,0.26666133343999787,1
2025-10-25T16:07:58.083307,otelcol-contrib,1.0400624037442248,1
2025-10-25T16:07:58.083307,otelcol-contrib,0.020001200072004323,0
2025-10-25T16:07:58.083307,jaeger-query,0.0,0
2025-10-25T16:07:58.083307,jaeger-query,0.0,0
2025-10-25T16:07:58.083307,otelcol-contrib,0.0,0
2025-10-25T16:08:58.239783,otelcol-contrib,0.6599736010559578,1
2025-10-25T16:08:58.239783,otelcol-contrib,0.01999920003199872,0
2025-10-25T16:08:58.239783,jaeger-query,0.0,0
2025-10-25T16:08:58.239783,jaeger-query,0.0,0
2025-10-25T16:08:58.239783,otelcol-contrib,0.0,0
2025-10-25T16:09:58.407015,otelcol-contrib,0.48000960019200395,1
2025-10-25T16:09:58.407015,otelcol-contrib,0.020000400008000165,0
2025-10-25T16:09:58.407015,jaeger-query,0.0,0
2025-10-25T16:09:58.407015,jaeger-query,0.0,0
2025-10-25T16:09:58.407015,otelcol-contrib,0.0,0
2025-10-25T16:10:58.558722,otelcol-contrib,0.7200432025921556,1
2025-10-25T16:10:58.558722,otelcol-contrib,0.020001200072004323,0
2025-10-25T16:10:58.558722,jaeger-query,0.0,0
2025-10-25T16:10:58.558722,jaeger-query,0.0,0
2025-10-25T16:10:58.558722,otelcol-contrib,0.0,0
2025-10-25T16:11:58.728902,otelcol-contrib,0.7199136103667559,1
2025-10-25T16:11:58.728902,otelcol-contrib,0.019997600287965444,0
2025-10-25T16:11:58.728902,jaeger-query,0.0,0
2025-10-25T16:11:58.728902,jaeger-query,0.0,0
2025-10-25T16:11:58.728902,otelcol-contrib,0.0,0
2025-10-25T16:12:58.934323,otelcol-contrib,0.7000000000000001,1
2025-10-25T16:12:58.934323,otelcol-contrib,0.02,0
2025-10-25T16:12:58.934323,jaeger-query,0.0,0
2025-10-25T16:12:58.934323,jaeger-query,0.0,0
2025-10-25T16:12:58.934323,otelcol-contrib,0.0,0
2025-10-25T16:13:59.168211,otelcol-contrib,1.0199796004079917,1
2025-10-25T16:13:59.168211,otelcol-contrib,0.01999960000799984,0
2025-10-25T16:13:59.168211,jaeger-query,0.0,0
2025-10-25T16:13:59.168211,jaeger-query,0.0,0
2025-10-25T16:13:59.168211,otelcol-contrib,0.0,0
2025-10-25T16:14:59.352806,otelcol-contrib,0.7400444026641599,1
2025-10-25T16:14:59.352806,otelcol-contrib,0.020001200072004323,0
2025-10-25T16:14:59.352806,jaeger-query,0.0,0
2025-10-25T16:14:59.352806,jaeger-query,0.0,0
2025-10-25T16:14:59.352806,otelcol-contrib,0.0,0
2025-10-25T16:15:59.487365,otelcol-contrib,0.759984800303994,1
2025-10-25T16:15:59.487365,otelcol-contrib,0.01999960000799984,0
2025-10-25T16:15:59.487365,jaeger-query,0.0,0
2025-10-25T16:15:59.487365,jaeger-query,0.0,0
2025-10-25T16:15:59.487365,otelcol-contrib,0.0,0
2025-10-25T16:16:59.656248,otelcol-contrib,0.5800116002320047,1
2025-10-25T16:16:59.656248,otelcol-contrib,0.02000040000800016,0
2025-10-25T16:16:59.656248,jaeger-query,0.0,0
2025-10-25T16:16:59.656248,jaeger-query,0.0,0
2025-10-25T16:16:59.656248,otelcol-contrib,0.0,0
2025-10-25T16:17:59.829937,otelcol-contrib,1.08010801080108,1
2025-10-25T16:17:59.829937,otelcol-contrib,0.020002000200020003,0
2025-10-25T16:17:59.829937,jaeger-query,0.0,0
2025-10-25T16:17:59.829937,jaeger-query,0.0,0
2025-10-25T16:17:59.829937,otelcol-contrib,0.0,0
2025-10-25T16:19:00.024925,otelcol-contrib,0.47998080076796934,1
2025-10-25T16:19:00.024925,otelcol-contrib,0.01999920003199872,0
2025-10-25T16:19:00.024925,jaeger-query,0.0,0
2025-10-25T16:19:00.024925,jaeger-query,0.0,0
2025-10-25T16:19:00.024925,otelcol-contrib,0.0,0
2025-10-25T16:20:00.186902,otelcol-contrib,0.7198992141100247,1
2025-10-25T16:20:00.186902,otelcol-contrib,0.01999720039194513,0
2025-10-25T16:20:00.186902,jaeger-query,0.0,0
2025-10-25T16:20:00.186902,jaeger-query,0.0,0
2025-10-25T16:20:00.186902,otelcol-contrib,0.0,0
2025-10-25T16:21:00.311584,otelcol-contrib,0.4200252015120908,1
2025-10-25T16:21:00.311584,otelcol-contrib,0.020001200072004323,0
2025-10-25T16:21:00.311584,jaeger-query,0.0,0
2025-10-25T16:21:00.311584,jaeger-query,0.0,0
2025-10-25T16:21:00.311584,otelcol-contrib,0.0,0
2025-10-25T16:22:00.447882,otelcol-contrib,0.8798240351929615,1
2025-10-25T16:22:00.447882,otelcol-contrib,0.019996000799840034,0
2025-10-25T16:22:00.447882,jaeger-query,0.0,0
2025-10-25T16:22:00.447882,jaeger-query,0.0,0
2025-10-25T16:22:00.447882,otelcol-contrib,0.0,0
2025-10-25T16:23:00.614342,otelcol-contrib,0.7000280011200448,1
2025-10-25T16:23:00.614342,otelcol-contrib,0.02000080003200128,0
2025-10-25T16:23:00.614342,jaeger-query,0.0,0
2025-10-25T16:23:00.614342,jaeger-query,0.0,0
2025-10-25T16:23:00.614342,otelcol-contrib,0.0,0
2025-10-25T16:24:00.790745,otelcol-contrib,0.4799712017278963,1
2025-10-25T16:24:00.790745,otelcol-contrib,0.01999880007199568,0
2025-10-25T16:24:00.790745,jaeger-query,0.0,0
2025-10-25T16:24:00.790745,jaeger-query,0.0,0
2025-10-25T16:24:00.790745,otelcol-contrib,0.0,0
2025-10-25T16:25:00.974884,otelcol-contrib,0.5600336020161211,1
2025-10-25T16:25:00.974884,otelcol-contrib,0.020001200072004323,0
2025-10-25T16:25:00.974884,jaeger-query,0.0,0
2025-10-25T16:25:00.974884,jaeger-query,0.0,0
2025-10-25T16:25:00.974884,otelcol-contrib,0.0,0
2025-10-25T16:26:01.176732,otelcol-contrib,1.0200612036722205,1
2025-10-25T16:26:01.176732,otelcol-contrib,0.020001200072004323,0
2025-10-25T16:26:01.176732,jaeger-query,0.0,0
2025-10-25T16:26:01.176732,jaeger-query,0.0,0
2025-10-25T16:26:01.176732,otelcol-contrib,0.0,0
2025-10-25T16:27:01.359430,otelcol-contrib,0.5599888002239956,1
2025-10-25T16:27:01.359430,otelcol-contrib,0.01999960000799984,0
2025-10-25T16:27:01.359430,jaeger-query,0.0,0
2025-10-25T16:27:01.359430,jaeger-query,0.0,0
2025-10-25T16:27:01.359430,otelcol-contrib,0.0,0
2025-10-25T16:28:01.520051,otelcol-contrib,0.4400176007040281,1
2025-10-25T16:28:01.520051,otelcol-contrib,0.02000080003200128,0
2025-10-25T16:28:01.520051,jaeger-query,0.0,0
2025-10-25T16:28:01.520051,jaeger-query,0.0,0
2025-10-25T16:28:01.520051,otelcol-contrib,0.0,0
2025-10-25T16:29:01.741794,otelcol-contrib,0.72,1
2025-10-25T16:29:01.741794,otelcol-contrib,0.02,0
2025-10-25T16:29:01.741794,jaeger-query,0.0,0
2025-10-25T16:29:01.741794,jaeger-query,0.0,0
2025-10-25T16:29:01.741794,otelcol-contrib,0.0,0
2025-10-25T16:30:01.935008,otelcol-contrib,0.6599868002639947,1
2025-10-25T16:30:01.935008,otelcol-contrib,0.01999960000799984,0
2025-10-25T16:30:01.935008,jaeger-query,0.0,0
2025-10-25T16:30:01.935008,jaeger-query,0.0,0
2025-10-25T16:30:01.935008,otelcol-contrib,0.0,0
2025-10-25T16:31:02.118649,otelcol-contrib,0.4599908001839963,1
2025-10-25T16:31:02.118649,otelcol-contrib,0.01999960000799984,0
2025-10-25T16:31:02.118649,jaeger-query,0.0,0
2025-10-25T16:31:02.118649,jaeger-query,0.0,0
2025-10-25T16:31:02.118649,otelcol-contrib,0.0,0
2025-10-25T16:32:02.317645,otelcol-contrib,0.7199856002879942,1
2025-10-25T16:32:02.317645,otelcol-contrib,0.01999960000799984,0
2025-10-25T16:32:02.317645,jaeger-query,0.0,0
2025-10-25T16:32:02.317645,jaeger-query,0.0,0
2025-10-25T16:32:02.317645,otelcol-contrib,0.0,0
2025-10-25T16:33:02.447728,otelcol-contrib,0.5000100002000041,1
2025-10-25T16:33:02.447728,otelcol-contrib,0.02000040000800016,0
2025-10-25T16:33:02.447728,jaeger-query,0.0,0
2025-10-25T16:33:02.447728,jaeger-query,0.0,0
2025-10-25T16:33:02.447728,otelcol-contrib,0.0,0
2025-10-25T16:34:02.603143,otelcol-contrib,0.8200000000000001,1
2025-10-25T16:34:02.603143,otelcol-contrib,0.02,0
2025-10-25T16:34:02.603143,jaeger-query,0.0,0
2025-10-25T16:34:02.603143,jaeger-query,0.0,0
2025-10-25T16:34:02.603143,otelcol-contrib,0.0,0
2025-10-25T16:35:02.883667,otelcol-contrib,0.7201296233321998,1
2025-10-25T16:35:02.883667,otelcol-contrib,0.02000360064811666,0
2025-10-25T16:35:02.883667,jaeger-query,0.0,0
2025-10-25T16:35:02.883667,jaeger-query,0.0,0
2025-10-25T16:35:02.883667,otelcol-contrib,0.0,0
2025-10-25T16:36:03.165948,otelcol-contrib,0.81991800819918,1
2025-10-25T16:36:03.165948,otelcol-contrib,0.01999800019998,0
2025-10-25T16:36:03.165948,jaeger-query,0.0,0
2025-10-25T16:36:03.165948,jaeger-query,0.0,0
2025-10-25T16:36:03.165948,otelcol-contrib,0.0,0
2025-10-25T16:37:03.435100,otelcol-contrib,0.6400256010240409,1
2025-10-25T16:37:03.435100,otelcol-contrib,0.02000080003200128,0
2025-10-25T16:37:03.435100,jaeger-query,0.0,0
2025-10-25T16:37:03.435100,jaeger-query,0.0,0
2025-10-25T16:37:03.435100,otelcol-contrib,0.0,0
2025-10-25T16:38:03.654296,otelcol-contrib,0.720028801152046,1
2025-10-25T16:38:03.654296,otelcol-contrib,0.02000080003200128,0
2025-10-25T16:38:03.654296,jaeger-query,0.0,0
2025-10-25T16:38:03.654296,jaeger-query,0.0,0
2025-10-25T16:38:03.654296,otelcol-contrib,0.0,0
2025-10-25T16:39:03.883633,otelcol-contrib,0.9,1
2025-10-25T16:39:03.883633,otelcol-contrib,0.02,0
2025-10-25T16:39:03.883633,jaeger-query,0.0,0
2025-10-25T16:39:03.883633,jaeger-query,0.0,0
2025-10-25T16:39:03.883633,otelcol-contrib,0.0,0
2025-10-25T16:40:04.081504,otelcol-contrib,0.619987600247995,1
2025-10-25T16:40:04.081504,otelcol-contrib,0.01999960000799984,0
2025-10-25T16:40:04.081504,jaeger-query,0.0,0
2025-10-25T16:40:04.081504,jaeger-query,0.0,0
2025-10-25T16:40:04.081504,otelcol-contrib,0.0,0
2025-10-25T16:41:04.284639,otelcol-contrib,0.8,1
2025-10-25T16:41:04.284639,otelcol-contrib,0.02,0
2025-10-25T16:41:04.284639,jaeger-query,0.0,0
2025-10-25T16:41:04.284639,jaeger-query,0.0,0
2025-10-25T16:41:04.284639,otelcol-contrib,0.0,0
2025-10-25T16:42:04.553715,otelcol-contrib,0.6801224220359665,1
2025-10-25T16:42:04.553715,otelcol-contrib,0.02000360064811666,0
2025-10-25T16:42:04.553715,jaeger-query,0.0,0
2025-10-25T16:42:04.553715,jaeger-query,0.0,0
2025-10-25T16:42:04.553715,otelcol-contrib,0.0,0
2025-10-25T16:43:04.763393,otelcol-contrib,0.8399664013439463,1
2025-10-25T16:43:04.763393,otelcol-contrib,0.01999920003199872,0
2025-10-25T16:43:04.763393,jaeger-query,0.0,0
2025-10-25T16:43:04.763393,jaeger-query,0.0,0
2025-10-25T16:43:04.763393,otelcol-contrib,0.0,0
2025-10-25T16:44:04.924868,otelcol-contrib,0.48,1
2025-10-25T16:44:04.924868,otelcol-contrib,0.02,0
2025-10-25T16:44:04.924868,jaeger-query,0.0,0
2025-10-25T16:44:04.924868,jaeger-query,0.0,0
2025-10-25T16:44:04.924868,otelcol-contrib,0.0,0
2025-10-25T16:45:05.113733,otelcol-contrib,0.6600264010560423,1
2025-10-25T16:45:05.113733,otelcol-contrib,0.02000080003200128,0
2025-10-25T16:45:05.113733,jaeger-query,0.0,0
2025-10-25T16:45:05.113733,jaeger-query,0.0,0
2025-10-25T16:45:05.113733,otelcol-contrib,0.0,0
2025-10-25T16:46:05.248996,otelcol-contrib,0.41998320067197314,1
2025-10-25T16:46:05.248996,otelcol-contrib,0.01999920003199872,0
2025-10-25T16:46:05.248996,jaeger-query,0.0,0
2025-10-25T16:46:05.248996,jaeger-query,0.0,0
2025-10-25T16:46:05.248996,otelcol-contrib,0.0,0
2025-10-25T16:47:05.451151,otelcol-contrib,0.6600132002640053,1
2025-10-25T16:47:05.451151,otelcol-contrib,0.02000040000800016,0
2025-10-25T16:47:05.451151,jaeger-query,0.0,0
2025-10-25T16:47:05.451151,jaeger-query,0.0,0
2025-10-25T16:47:05.451151,otelcol-contrib,0.0,0
2025-10-25T16:48:05.648887,otelcol-contrib,0.8000320012800511,1
2025-10-25T16:48:05.648887,otelcol-contrib,0.02000080003200128,0
2025-10-25T16:48:05.648887,jaeger-query,0.0,0
2025-10-25T16:48:05.648887,jaeger-query,0.0,0
2025-10-25T16:48:05.648887,otelcol-contrib,0.0,0
2025-10-25T16:49:05.842639,otelcol-contrib,0.7800156003120065,1
2025-10-25T16:49:05.842639,otelcol-contrib,0.020000400008000165,0
2025-10-25T16:49:05.842639,jaeger-query,0.0,0
2025-10-25T16:49:05.842639,jaeger-query,0.0,0
2025-10-25T16:49:05.842639,otelcol-contrib,0.0,0
2025-10-25T16:50:06.054040,otelcol-contrib,0.5999880002399952,1
2025-10-25T16:50:06.054040,otelcol-contrib,0.01999960000799984,0
2025-10-25T16:50:06.054040,jaeger-query,0.0,0
2025-10-25T16:50:06.054040,jaeger-query,0.0,0
2025-10-25T16:50:06.054040,otelcol-contrib,0.0,0
2025-10-25T16:51:06.207596,otelcol-contrib,0.6250156253906347,1
2025-10-25T16:51:06.207596,otelcol-contrib,0.02500062501562539,0
2025-10-25T16:51:06.207596,jaeger-query,0.0,0
2025-10-25T16:51:06.207596,jaeger-query,0.0,0
2025-10-25T16:51:06.207596,otelcol-contrib,0.0,0
2025-10-25T16:52:06.369044,otelcol-contrib,0.5198752299448133,1
2025-10-25T16:52:06.369044,otelcol-contrib,0.01999520115172359,0
2025-10-25T16:52:06.369044,jaeger-query,0.0,0
2025-10-25T16:52:06.369044,jaeger-query,0.0,0
2025-10-25T16:52:06.369044,otelcol-contrib,0.0,0
2025-10-25T16:53:06.501836,otelcol-contrib,0.7199856002879942,1
2025-10-25T16:53:06.501836,otelcol-contrib,0.01999960000799984,0
2025-10-25T16:53:06.501836,jaeger-query,0.0,0
2025-10-25T16:53:06.501836,jaeger-query,0.0,0
2025-10-25T16:53:06.501836,otelcol-contrib,0.0,0
2025-10-25T16:54:06.666253,otelcol-contrib,0.74,1
2025-10-25T16:54:06.666253,otelcol-contrib,0.02,0
2025-10-25T16:54:06.666253,jaeger-query,0.0,0
2025-10-25T16:54:06.666253,jaeger-query,0.0,0
2025-10-25T16:54:06.666253,otelcol-contrib,0.0,0
2025-10-25T16:55:06.823416,otelcol-contrib,0.4799616030717543,1
2025-10-25T16:55:06.823416,otelcol-contrib,0.01999840012798976,0
2025-10-25T16:55:06.823416,jaeger-query,0.0,0
2025-10-25T16:55:06.823416,jaeger-query,0.0,0
2025-10-25T16:55:06.823416,otelcol-contrib,0.0,0
2025-10-25T16:56:06.949849,otelcol-contrib,0.5600224008960358,1
2025-10-25T16:56:06.949849,otelcol-contrib,0.02000080003200128,0
2025-10-25T16:56:06.949849,jaeger-query,0.0,0
2025-10-25T16:56:06.949849,jaeger-query,0.0,0
2025-10-25T16:56:06.949849,otelcol-contrib,0.0,0
2025-10-25T16:57:07.144994,otelcol-contrib,0.4,1
2025-10-25T16:57:07.144994,otelcol-contrib,0.02,0
2025-10-25T16:57:07.144994,jaeger-query,0.0,0
2025-10-25T16:57:07.144994,jaeger-query,0.0,0
2025-10-25T16:57:07.144994,otelcol-contrib,0.0,0
2025-10-25T16:58:07.362540,otelcol-contrib,1.119977600447991,1
2025-10-25T16:58:07.362540,otelcol-contrib,0.01999960000799984,0
2025-10-25T16:58:07.362540,jaeger-query,0.0,0
2025-10-25T16:58:07.362540,jaeger-query,0.0,0
2025-10-25T16:58:07.362540,otelcol-contrib,0.0,0
2025-10-25T16:59:07.592445,otelcol-contrib,0.6400128002560052,1
2025-10-25T16:59:07.592445,otelcol-contrib,0.02000040000800016,0
2025-10-25T16:59:07.592445,jaeger-query,0.0,0
2025-10-25T16:59:07.592445,jaeger-query,0.0,0
2025-10-25T16:59:07.592445,otelcol-contrib,0.0,0
2025-10-25T17:00:07.782441,otelcol-contrib,0.6000120002400048,1
2025-10-25T17:00:07.782441,otelcol-contrib,0.02000040000800016,0
2025-10-25T17:00:07.782441,jaeger-query,0.0,0
2025-10-25T17:00:07.782441,jaeger-query,0.0,0
2025-10-25T17:00:07.782441,otelcol-contrib,0.0,0
2025-10-25T17:01:07.955380,otelcol-contrib,0.92,1
2025-10-25T17:01:07.955380,otelcol-contrib,0.02,0
2025-10-25T17:01:07.955380,jaeger-query,0.0,0
2025-10-25T17:01:07.955380,jaeger-query,0.0,0
2025-10-25T17:01:07.955380,otelcol-contrib,0.0,0
2025-10-25T17:02:08.118307,otelcol-contrib,0.6599736010559578,1
2025-10-25T17:02:08.118307,otelcol-contrib,0.01999920003199872,0
2025-10-25T17:02:08.118307,jaeger-query,0.0,0
2025-10-25T17:02:08.118307,jaeger-query,0.0,0
2025-10-25T17:02:08.118307,otelcol-contrib,0.0,0
2025-10-25T17:03:08.397222,otelcol-contrib,0.6599736010559578,1
2025-10-25T17:03:08.397222,otelcol-contrib,0.01999920003199872,0
2025-10-25T17:03:08.397222,jaeger-query,0.0,0
2025-10-25T17:03:08.397222,jaeger-query,0.0,0
2025-10-25T17:03:08.397222,otelcol-contrib,0.0,0
2025-10-25T17:04:08.604699,jaeger-query,0.0,0
2025-10-25T17:04:08.604699,jaeger-query,0.0,0
2025-10-25T17:04:08.604699,otelcol-contrib,0.0,0
2025-10-25T17:04:08.604699,otelcol-contrib,0.5399136138217885,1
2025-10-25T17:04:08.604699,otelcol-contrib,0.019996800511918093,0
2025-10-25T17:05:08.750869,jaeger-query,0.0,0
2025-10-25T17:05:08.750869,jaeger-query,0.0,0
2025-10-25T17:05:08.750869,otelcol-contrib,0.0,0
2025-10-25T17:05:08.750869,otelcol-contrib,0.92,1
2025-10-25T17:05:08.750869,otelcol-contrib,0.02,0
2025-10-25T17:06:08.910937,jaeger-query,0.0,0
2025-10-25T17:06:08.910937,jaeger-query,0.0,0
2025-10-25T17:06:08.910937,otelcol-contrib,0.0,0
2025-10-25T17:06:08.910937,otelcol-contrib,0.739985200295994,1
2025-10-25T17:06:08.910937,otelcol-contrib,0.01999960000799984,0
2025-10-25T17:07:09.071798,jaeger-query,0.0,0
2025-10-25T17:07:09.071798,jaeger-query,0.0,0
2025-10-25T17:07:09.071798,otelcol-contrib,0.0,0
2025-10-25T17:07:09.071798,otelcol-contrib,0.5800116002320048,1
2025-10-25T17:07:09.071798,otelcol-contrib,0.020000400008000165,0
2025-10-25T17:08:09.256709,jaeger-query,0.0,0
2025-10-25T17:08:09.256709,jaeger-query,0.0,0
2025-10-25T17:08:09.256709,otelcol-contrib,0.0,0
2025-10-25T17:08:09.256709,otelcol-contrib,0.4600092001840037,1
2025-10-25T17:08:09.256709,otelcol-contrib,0.02000040000800016,0
2025-10-25T17:09:09.415402,jaeger-query,0.0,0
2025-10-25T17:09:09.415402,jaeger-query,0.0,0
2025-10-25T17:09:09.415402,otelcol-contrib,0.0,0
2025-10-25T17:09:09.415402,otelcol-contrib,0.58,1
2025-10-25T17:09:09.415402,otelcol-contrib,0.02,0
2025-10-25T17:10:09.579219,jaeger-query,0.0,0
2025-10-25T17:10:09.579219,jaeger-query,0.0,0
2025-10-25T17:10:09.579219,otelcol-contrib,0.0,0
2025-10-25T17:10:09.579219,otelcol-contrib,0.58,1
2025-10-25T17:10:09.579219,otelcol-contrib,0.02,0
2025-10-25T17:11:09.759087,jaeger-query,0.0,0
2025-10-25T17:11:09.759087,jaeger-query,0.0,0
2025-10-25T17:11:09.759087,otelcol-contrib,0.0,0
2025-10-25T17:11:09.759087,otelcol-contrib,0.48001920076803073,1
2025-10-25T17:11:09.759087,otelcol-contrib,0.02000080003200128,0
2025-10-25T17:12:09.888738,jaeger-query,0.0,0
2025-10-25T17:12:09.888738,jaeger-query,0.0,0
2025-10-25T17:12:09.888738,otelcol-contrib,0.0,0
2025-10-25T17:12:09.888738,otelcol-contrib,0.5599888002239956,1
2025-10-25T17:12:09.888738,otelcol-contrib,0.01999960000799984,0
2025-10-25T17:13:10.060664,jaeger-query,0.0,0
2025-10-25T17:13:10.060664,jaeger-query,0.0,0
2025-10-25T17:13:10.060664,otelcol-contrib,0.0,0
2025-10-25T17:13:10.060664,otelcol-contrib,0.5799768009279629,1
2025-10-25T17:13:10.060664,otelcol-contrib,0.01999920003199872,0
2025-10-25T17:14:10.213901,jaeger-query,0.0,0
2025-10-25T17:14:10.213901,jaeger-query,0.0,0
2025-10-25T17:14:10.213901,otelcol-contrib,0.0,0
2025-10-25T17:14:10.213901,otelcol-contrib,0.7399704011839527,1
2025-10-25T17:14:10.213901,otelcol-contrib,0.01999920003199872,0
2025-10-25T17:15:10.359982,jaeger-query,0.0,0
2025-10-25T17:15:10.359982,jaeger-query,0.0,0
2025-10-25T17:15:10.359982,otelcol-contrib,0.0,0
2025-10-25T17:15:10.359982,otelcol-contrib,0.499990000199996,1
2025-10-25T17:15:10.359982,otelcol-contrib,0.01999960000799984,0
2025-10-25T17:16:10.523607,jaeger-query,0.0,0
2025-10-25T17:16:10.523607,jaeger-query,0.0,0
2025-10-25T17:16:10.523607,otelcol-contrib,0.0,0
2025-10-25T17:16:10.523607,otelcol-contrib,0.4598896264896425,1
2025-10-25T17:16:10.523607,otelcol-contrib,0.019995201151723586,0
2025-10-25T17:17:10.698272,jaeger-query,0.0,0
2025-10-25T17:17:10.698272,jaeger-query,0.0,0
2025-10-25T17:17:10.698272,otelcol-contrib,0.0,0
2025-10-25T17:17:10.698272,otelcol-contrib,0.6199504039676825,1
2025-10-25T17:17:10.698272,otelcol-contrib,0.01999840012798976,0
2025-10-25T17:18:10.847449,jaeger-query,0.0,0
2025-10-25T17:18:10.847449,jaeger-query,0.0,0
2025-10-25T17:18:10.847449,otelcol-contrib,0.0,0
2025-10-25T17:18:10.847449,otelcol-contrib,0.739985200295994,1
2025-10-25T17:18:10.847449,otelcol-contrib,0.01999960000799984,0
2025-10-25T17:19:11.021179,jaeger-query,0.0,0
2025-10-25T17:19:11.021179,jaeger-query,0.0,0
2025-10-25T17:19:11.021179,otelcol-contrib,0.0,0
2025-10-25T17:19:11.021179,otelcol-contrib,0.720028801152046,1
2025-10-25T17:19:11.021179,otelcol-contrib,0.02000080003200128,0
2025-10-25T17:20:11.181907,jaeger-query,0.0,0
2025-10-25T17:20:11.181907,jaeger-query,0.0,0
2025-10-25T17:20:11.181907,otelcol-contrib,0.0,0
2025-10-25T17:20:11.181907,otelcol-contrib,0.4400176007040281,1
2025-10-25T17:20:11.181907,otelcol-contrib,0.02000080003200128,0
2025-10-25T17:21:11.364935,jaeger-query,0.0,0
2025-10-25T17:21:11.364935,jaeger-query,0.0,0
2025-10-25T17:21:11.364935,otelcol-contrib,0.0,0
2025-10-25T17:21:11.364935,otelcol-contrib,0.720028801152046,1
2025-10-25T17:21:11.364935,otelcol-contrib,0.02000080003200128,0
2025-10-25T17:22:11.529044,jaeger-query,0.0,0
2025-10-25T17:22:11.529044,jaeger-query,0.0,0
2025-10-25T17:22:11.529044,otelcol-contrib,0.0,0
2025-10-25T17:22:11.529044,otelcol-contrib,0.7799844003119938,1
2025-10-25T17:22:11.529044,otelcol-contrib,0.01999960000799984,0
2025-10-25T17:23:11.740927,jaeger-query,0.0,0
2025-10-25T17:23:11.740927,jaeger-query,0.0,0
2025-10-25T17:23:11.740927,otelcol-contrib,0.0,0
2025-10-25T17:23:11.740927,otelcol-contrib,0.56,1
2025-10-25T17:23:11.740927,otelcol-contrib,0.02,0
2025-10-25T17:24:11.892131,jaeger-query,0.0,0
2025-10-25T17:24:11.892131,jaeger-query,0.0,0
2025-10-25T17:24:11.892131,otelcol-contrib,0.0,0
2025-10-25T17:24:11.892131,otelcol-contrib,0.7600152003040062,1
2025-10-25T17:24:11.892131,otelcol-contrib,0.02000040000800016,0
2025-10-25T17:25:12.097593,jaeger-query,0.0,0
2025-10-25T17:25:12.097593,jaeger-query,0.0,0
2025-10-25T17:25:12.097593,otelcol-contrib,0.0,0
2025-10-25T17:25:12.097593,otelcol-contrib,0.5599888002239956,1
2025-10-25T17:25:12.097593,otelcol-contrib,0.01999960000799984,0
2025-10-25T17:26:12.264228,jaeger-query,0.0,0
2025-10-25T17:26:12.264228,jaeger-query,0.0,0
2025-10-25T17:26:12.264228,otelcol-contrib,0.0,0
2025-10-25T17:26:12.264228,otelcol-contrib,0.759984800303994,1
2025-10-25T17:26:12.264228,otelcol-contrib,0.01999960000799984,0
2025-10-25T17:27:12.385016,jaeger-query,0.0,0
2025-10-25T17:27:12.385016,jaeger-query,0.0,0
2025-10-25T17:27:12.385016,otelcol-contrib,0.0,0
2025-10-25T17:27:12.385016,otelcol-contrib,0.7199136103667559,1
2025-10-25T17:27:12.385016,otelcol-contrib,0.019997600287965444,0
2025-10-25T17:28:12.573208,jaeger-query,0.0,0
2025-10-25T17:28:12.573208,jaeger-query,0.0,0
2025-10-25T17:28:12.573208,otelcol-contrib,0.0,0
2025-10-25T17:28:12.573208,otelcol-contrib,0.7400296011840474,1
2025-10-25T17:28:12.573208,otelcol-contrib,0.02000080003200128,0
2025-10-25T17:29:12.775435,jaeger-query,0.0,0
2025-10-25T17:29:12.775435,jaeger-query,0.0,0
2025-10-25T17:29:12.775435,otelcol-contrib,0.0,0
2025-10-25T17:29:12.775435,otelcol-contrib,0.5800116002320047,1
2025-10-25T17:29:12.775435,otelcol-contrib,0.02000040000800016,0
2025-10-25T17:30:12.884924,jaeger-query,0.0,0
2025-10-25T17:30:12.884924,jaeger-query,0.0,0
2025-10-25T17:30:12.884924,otelcol-contrib,0.0,0
2025-10-25T17:30:12.884924,otelcol-contrib,0.66,1
2025-10-25T17:30:12.884924,otelcol-contrib,0.02,0
2025-10-25T17:31:13.060834,jaeger-query,0.0,0
2025-10-25T17:31:13.060834,jaeger-query,0.0,0
2025-10-25T17:31:13.060834,otelcol-contrib,0.0,0
2025-10-25T17:31:13.060834,otelcol-contrib,0.44,1
2025-10-25T17:31:13.060834,otelcol-contrib,0.02,0
2025-10-25T17:32:13.238429,jaeger-query,0.0,0
2025-10-25T17:32:13.238429,jaeger-query,0.0,0
2025-10-25T17:32:13.238429,otelcol-contrib,0.0,0
2025-10-25T17:32:13.238429,otelcol-contrib,0.5798028670252114,1
2025-10-25T17:32:13.238429,otelcol-contrib,0.019993202311214188,0
2025-10-25T17:33:13.410695,jaeger-query,0.0,0
2025-10-25T17:33:13.410695,jaeger-query,0.0,0
2025-10-25T17:33:13.410695,otelcol-contrib,0.0,0
2025-10-25T17:33:13.410695,otelcol-contrib,0.6998740226759183,1
2025-10-25T17:33:13.410695,otelcol-contrib,0.01999640064788338,0
2025-10-25T17:34:13.563560,jaeger-query,0.0,0
2025-10-25T17:34:13.563560,jaeger-query,0.0,0
2025-10-25T17:34:13.563560,otelcol-contrib,0.0,0
2025-10-25T17:34:13.563560,otelcol-contrib,0.8000320012800511,1
2025-10-25T17:34:13.563560,otelcol-contrib,0.02000080003200128,0
2025-10-25T17:35:13.700172,jaeger-query,0.0,0
2025-10-25T17:35:13.700172,jaeger-query,0.0,0
2025-10-25T17:35:13.700172,otelcol-contrib,0.0,0
2025-10-25T17:35:13.700172,otelcol-contrib,0.6599076129341891,1
2025-10-25T17:35:13.700172,otelcol-contrib,0.019997200391945125,0
2025-10-25T17:36:13.907120,jaeger-query,0.0,0
2025-10-25T17:36:13.907120,jaeger-query,0.0,0
2025-10-25T17:36:13.907120,otelcol-contrib,0.0,0
2025-10-25T17:36:13.907120,otelcol-contrib,0.620037202232134,1
2025-10-25T17:36:13.907120,otelcol-contrib,0.020001200072004323,0
2025-10-25T17:37:14.063867,jaeger-query,0.0,0
2025-10-25T17:37:14.063867,jaeger-query,0.0,0
2025-10-25T17:37:14.063867,otelcol-contrib,0.0,0
2025-10-25T17:37:14.063867,otelcol-contrib,0.4800096001920039,1
2025-10-25T17:37:14.063867,otelcol-contrib,0.02000040000800016,0
2025-10-25T17:38:14.170047,jaeger-query,0.0,0
2025-10-25T17:38:14.170047,jaeger-query,0.0,0
2025-10-25T17:38:14.170047,otelcol-contrib,0.0,0
2025-10-25T17:38:14.170047,otelcol-contrib,0.8399664013439463,1
2025-10-25T17:38:14.170047,otelcol-contrib,0.01999920003199872,0
2025-10-25T17:39:14.299695,jaeger-query,0.0,0
2025-10-25T17:39:14.299695,jaeger-query,0.0,0
2025-10-25T17:39:14.299695,otelcol-contrib,0.0,0
2025-10-25T17:39:14.299695,otelcol-contrib,0.56,1
2025-10-25T17:39:14.299695,otelcol-contrib,0.02,0
2025-10-25T17:40:14.460205,jaeger-query,0.0,0
2025-10-25T17:40:14.460205,jaeger-query,0.0,0
2025-10-25T17:40:14.460205,otelcol-contrib,0.0,0
2025-10-25T17:40:14.460205,otelcol-contrib,0.7603041216486595,1
2025-10-25T17:40:14.460205,otelcol-contrib,0.020008003201280513,0
2025-10-25T17:41:14.708605,jaeger-query,0.0,0
2025-10-25T17:41:14.708605,jaeger-query,0.0,0
2025-10-25T17:41:14.708605,otelcol-contrib,0.0,0
2025-10-25T17:41:14.708605,otelcol-contrib,0.7200144002880058,1
2025-10-25T17:41:14.708605,otelcol-contrib,0.02000040000800016,0
2025-10-25T17:42:14.854052,jaeger-query,0.0,0
2025-10-25T17:42:14.854052,jaeger-query,0.0,0
2025-10-25T17:42:14.854052,otelcol-contrib,0.0,0
2025-10-25T17:42:14.854052,otelcol-contrib,0.97990200979902,1
2025-10-25T17:42:14.854052,otelcol-contrib,0.01999800019998,0
2025-10-25T17:43:14.993593,jaeger-query,0.0,0
2025-10-25T17:43:14.993593,jaeger-query,0.0,0
2025-10-25T17:43:14.993593,otelcol-contrib,0.0,0
2025-10-25T17:43:14.993593,otelcol-contrib,0.6000120002400049,1
2025-10-25T17:43:14.993593,otelcol-contrib,0.020000400008000165,0
2025-10-25T17:44:15.165242,jaeger-query,0.0,0
2025-10-25T17:44:15.165242,jaeger-query,0.0,0
2025-10-25T17:44:15.165242,otelcol-contrib,0.0,0
2025-10-25T17:44:15.165242,otelcol-contrib,0.6999720011199553,1
2025-10-25T17:44:15.165242,otelcol-contrib,0.01999920003199872,0
2025-10-25T17:45:15.336073,jaeger-query,0.0,0
2025-10-25T17:45:15.336073,jaeger-query,0.0,0
2025-10-25T17:45:15.336073,otelcol-contrib,0.0,0
2025-10-25T17:45:15.336073,otelcol-contrib,0.5199896002079958,1
2025-10-25T17:45:15.336073,otelcol-contrib,0.01999960000799984,0
2025-10-25T17:46:15.493036,jaeger-query,0.0,0
2025-10-25T17:46:15.493036,jaeger-query,0.0,0
2025-10-25T17:46:15.493036,otelcol-contrib,0.0,0
2025-10-25T17:46:15.493036,otelcol-contrib,0.48,1
2025-10-25T17:46:15.493036,otelcol-contrib,0.02,0
2025-10-25T17:47:15.660418,jaeger-query,0.0,0
2025-10-25T17:47:15.660418,jaeger-query,0.0,0
2025-10-25T17:47:15.660418,otelcol-contrib,0.0,0
2025-10-25T17:47:15.660418,otelcol-contrib,0.48,1
2025-10-25T17:47:15.660418,otelcol-contrib,0.02,0
2025-10-25T17:48:15.783826,jaeger-query,0.0,0
2025-10-25T17:48:15.783826,jaeger-query,0.0,0
2025-10-25T17:48:15.783826,otelcol-contrib,0.0,0
2025-10-25T17:48:15.783826,otelcol-contrib,0.52,1
2025-10-25T17:48:15.783826,otelcol-contrib,0.02,0
2025-10-25T17:49:15.928169,jaeger-query,0.0,0
2025-10-25T17:49:15.928169,jaeger-query,0.0,0
2025-10-25T17:49:15.928169,otelcol-contrib,0.0,0
2025-10-25T17:49:15.928169,otelcol-contrib,0.5400108002160044,1
2025-10-25T17:49:15.928169,otelcol-contrib,0.020000400008000165,0
2025-10-25T17:50:16.084156,jaeger-query,0.0,0
2025-10-25T17:50:16.084156,jaeger-query,0.0,0
2025-10-25T17:50:16.084156,otelcol-contrib,0.0,0
2025-10-25T17:50:16.084156,otelcol-contrib,0.7000560044803583,1
2025-10-25T17:50:16.084156,otelcol-contrib,0.02000160012801024,0
2025-10-25T17:51:16.226073,jaeger-query,0.0,0
2025-10-25T17:51:16.226073,jaeger-query,0.0,0
2025-10-25T17:51:16.226073,otelcol-contrib,0.0,0
2025-10-25T17:51:16.226073,otelcol-contrib,0.6399744010239591,1
2025-10-25T17:51:16.226073,otelcol-contrib,0.0,0
2025-10-25T17:52:16.389024,jaeger-query,0.0,0
2025-10-25T17:52:16.389024,jaeger-query,0.0,0
2025-10-25T17:52:16.389024,otelcol-contrib,0.0,0
2025-10-25T17:52:16.389024,otelcol-contrib,0.7401036145060308,1
2025-10-25T17:52:16.389024,otelcol-contrib,0.0,0
2025-10-25T17:53:16.512813,jaeger-query,0.0,0
2025-10-25T17:53:16.512813,jaeger-query,0.0,0
2025-10-25T17:53:16.512813,otelcol-contrib,0.0,0
2025-10-25T17:53:16.512813,otelcol-contrib,0.7400296011840474,1
2025-10-25T17:53:16.512813,otelcol-contrib,0.0,0
2025-10-25T17:54:16.675324,jaeger-query,0.0,0
2025-10-25T17:54:16.675324,jaeger-query,0.0,0
2025-10-25T17:54:16.675324,otelcol-contrib,0.0,0
2025-10-25T17:54:16.675324,otelcol-contrib,0.52,1
2025-10-25T17:54:16.675324,otelcol-contrib,0.0,0
2025-10-25T17:55:16.882026,jaeger-query,0.0,0
2025-10-25T17:55:16.882026,jaeger-query,0.0,0
2025-10-25T17:55:16.882026,otelcol-contrib,0.0,0
2025-10-25T17:55:16.882026,otelcol-contrib,0.7000000000000001,1
2025-10-25T17:55:16.882026,otelcol-contrib,0.0,0
2025-10-25T17:56:17.048806,jaeger-query,0.0,0
2025-10-25T17:56:17.048806,jaeger-query,0.0,0
2025-10-25T17:56:17.048806,otelcol-contrib,0.0,0
2025-10-25T17:56:17.048806,otelcol-contrib,0.6399488040956723,1
2025-10-25T17:56:17.048806,otelcol-contrib,0.0,0
2025-10-25T17:57:17.220478,jaeger-query,0.0,0
2025-10-25T17:57:17.220478,jaeger-query,0.0,0
2025-10-25T17:57:17.220478,otelcol-contrib,0.0,0
2025-10-25T17:57:17.220478,otelcol-contrib,0.680040802448147,1
2025-10-25T17:57:17.220478,otelcol-contrib,0.0,0
2025-10-25T17:58:17.370532,jaeger-query,0.0,0
2025-10-25T17:58:17.370532,jaeger-query,0.0,0
2025-10-25T17:58:17.370532,otelcol-contrib,0.0,0
2025-10-25T17:58:17.370532,otelcol-contrib,0.4200084001680034,1
2025-10-25T17:58:17.370532,otelcol-contrib,0.0,0
2025-10-25T17:59:17.558854,jaeger-query,0.0,0
2025-10-25T17:59:17.558854,jaeger-query,0.0,0
2025-10-25T17:59:17.558854,otelcol-contrib,0.0,0
2025-10-25T17:59:17.558854,otelcol-contrib,0.44,1
2025-10-25T17:59:17.558854,otelcol-contrib,0.0,0
2025-10-25T18:00:17.735706,jaeger-query,0.0,0
2025-10-25T18:00:17.735706,jaeger-query,0.0,0
2025-10-25T18:00:17.735706,otelcol-contrib,0.0,0
2025-10-25T18:00:17.735706,otelcol-contrib,0.48003840307224577,1
2025-10-25T18:00:17.735706,otelcol-contrib,0.0,0
2025-10-25T18:01:17.903948,otelcol-contrib,0.7602432778489118,1
2025-10-25T18:01:17.903948,otelcol-contrib,0.0,0
2025-10-25T18:01:17.903948,jaeger-query,0.0,0
2025-10-25T18:01:17.903948,jaeger-query,0.0,0
2025-10-25T18:01:17.903948,otelcol-contrib,0.0,0
2025-10-25T18:02:18.249370,otelcol-contrib,0.6399872002559949,1
2025-10-25T18:02:18.249370,otelcol-contrib,0.0,0
2025-10-25T18:02:18.249370,jaeger-query,0.0,0
2025-10-25T18:02:18.249370,jaeger-query,0.0,0
2025-10-25T18:02:18.249370,otelcol-contrib,0.0,0
2025-10-25T18:03:18.430605,otelcol-contrib,0.6802176696542893,1
2025-10-25T18:03:18.430605,otelcol-contrib,0.0,0
2025-10-25T18:03:18.430605,jaeger-query,0.0,0
2025-10-25T18:03:18.430605,jaeger-query,0.0,0
2025-10-25T18:03:18.430605,otelcol-contrib,0.0,0
2025-10-25T18:04:18.606716,otelcol-contrib,0.40014405185866914,1
2025-10-25T18:04:18.606716,otelcol-contrib,0.0,0
2025-10-25T18:04:18.606716,jaeger-query,0.0,0
2025-10-25T18:04:18.606716,jaeger-query,0.0,0
2025-10-25T18:04:18.606716,otelcol-contrib,0.0,0
2025-10-25T18:05:18.761979,otelcol-contrib,0.6002400960384153,1
2025-10-25T18:05:18.761979,otelcol-contrib,0.0,0
2025-10-25T18:05:18.761979,jaeger-query,0.0,0
2025-10-25T18:05:18.761979,jaeger-query,0.0,0
2025-10-25T18:05:18.761979,otelcol-contrib,0.0,0
2025-10-25T18:06:18.984609,otelcol-contrib,0.5596753882748006,1
2025-10-25T18:06:18.984609,otelcol-contrib,0.0,0
2025-10-25T18:06:18.984609,jaeger-query,0.0,0
2025-10-25T18:06:18.984609,jaeger-query,0.0,0
2025-10-25T18:06:18.984609,otelcol-contrib,0.0,0
2025-10-25T18:07:19.176789,otelcol-contrib,0.3601656762110571,1
2025-10-25T18:07:19.176789,otelcol-contrib,0.0,0
2025-10-25T18:07:19.176789,jaeger-query,0.0,0
2025-10-25T18:07:19.176789,jaeger-query,0.0,0
2025-10-25T18:07:19.176789,otelcol-contrib,0.0,0
2025-10-25T18:08:19.393211,otelcol-contrib,0.5201664532650447,1
2025-10-25T18:08:19.393211,otelcol-contrib,0.0,0
2025-10-25T18:08:19.393211,jaeger-query,0.0,0
2025-10-25T18:08:19.393211,jaeger-query,0.0,0
2025-10-25T18:08:19.393211,otelcol-contrib,0.0,0
2025-10-25T18:09:19.582396,otelcol-contrib,0.7596505607420586,1
2025-10-25T18:09:19.582396,otelcol-contrib,0.0,0
2025-10-25T18:09:19.582396,jaeger-query,0.0,0
2025-10-25T18:09:19.582396,jaeger-query,0.0,0
2025-10-25T18:09:19.582396,otelcol-contrib,0.0,0
2025-10-25T18:10:19.771228,otelcol-contrib,0.5802437023549892,1
2025-10-25T18:10:19.771228,otelcol-contrib,0.0,0
2025-10-25T18:10:19.771228,jaeger-query,0.0,0
2025-10-25T18:10:19.771228,jaeger-query,0.0,0
2025-10-25T18:10:19.771228,otelcol-contrib,0.0,0
2025-10-25T18:11:19.945707,otelcol-contrib,0.3800608097295567,1
2025-10-25T18:11:19.945707,otelcol-contrib,0.0,0
2025-10-25T18:11:19.945707,jaeger-query,0.0,0
2025-10-25T18:11:19.945707,jaeger-query,0.0,0
2025-10-25T18:11:19.945707,otelcol-contrib,0.0,0
2025-10-25T18:12:20.166686,otelcol-contrib,1.0001200144017282,1
2025-10-25T18:12:20.166686,otelcol-contrib,0.0,0
2025-10-25T18:12:20.166686,jaeger-query,0.0,0
2025-10-25T18:12:20.166686,jaeger-query,0.0,0
2025-10-25T18:12:20.166686,otelcol-contrib,0.0,0
2025-10-25T18:13:20.370202,otelcol-contrib,0.6599868002639947,1
2025-10-25T18:13:20.370202,otelcol-contrib,0.0,0
2025-10-25T18:13:20.370202,jaeger-query,0.0,0
2025-10-25T18:13:20.370202,jaeger-query,0.0,0
2025-10-25T18:13:20.370202,otelcol-contrib,0.0,0
2025-10-25T18:14:20.559184,otelcol-contrib,0.6800680068006801,1
2025-10-25T18:14:20.559184,otelcol-contrib,0.0,0
2025-10-25T18:14:20.559184,jaeger-query,0.0,0
2025-10-25T18:14:20.559184,jaeger-query,0.0,0
2025-10-25T18:14:20.559184,otelcol-contrib,0.0,0
2025-10-25T18:15:20.794980,otelcol-contrib,0.5000500050005001,1
2025-10-25T18:15:20.794980,otelcol-contrib,0.0,0
2025-10-25T18:15:20.794980,jaeger-query,0.0,0
2025-10-25T18:15:20.794980,jaeger-query,0.0,0
2025-10-25T18:15:20.794980,otelcol-contrib,0.0,0
2025-10-25T18:16:21.044157,otelcol-contrib,0.44021130142468384,1
2025-10-25T18:16:21.044157,otelcol-contrib,0.0,0
2025-10-25T18:16:21.044157,jaeger-query,0.0,0
2025-10-25T18:16:21.044157,jaeger-query,0.0,0
2025-10-25T18:16:21.044157,otelcol-contrib,0.0,0
2025-10-25T18:17:21.244242,otelcol-contrib,0.500040003200256,1
2025-10-25T18:17:21.244242,otelcol-contrib,0.0,0
2025-10-25T18:17:21.244242,jaeger-query,0.0,0
2025-10-25T18:17:21.244242,jaeger-query,0.0,0
2025-10-25T18:17:21.244242,otelcol-contrib,0.0,0
2025-10-25T18:18:21.438822,otelcol-contrib,0.3401156393173679,1
2025-10-25T18:18:21.438822,otelcol-contrib,0.0,0
2025-10-25T18:18:21.438822,jaeger-query,0.0,0
2025-10-25T18:18:21.438822,jaeger-query,0.0,0
2025-10-25T18:18:21.438822,otelcol-contrib,0.0,0
2025-10-25T18:19:21.739427,otelcol-contrib,0.38005320744904286,1
2025-10-25T18:19:21.739427,otelcol-contrib,0.0,0
2025-10-25T18:19:21.739427,jaeger-query,0.0,0
2025-10-25T18:19:21.739427,jaeger-query,0.0,0
2025-10-25T18:19:21.739427,otelcol-contrib,0.0,0
